cik,name,sic,sic_desc,default_date,ticker,resolved_by
1306830,Celanese Corp,2820,"Plastic Material, Synth Resin/Rubber, Cellulos (No Glass)",1106870400000.0,CE,
1031296,FIRSTENERGY CORP,4911,Electric Services,1522886400000.0,FE,
1013871,"NRG ENERGY, INC.",4911,Electric Services,1497398400000.0,NRG,
1326160,Duke Energy CORP,4931,Electric & Other Services Combined,1309996800000.0,DUK,
895126,EXPAND ENERGY Corp,1311,Crude Petroleum & Natural Gas,1593388800000.0,EXE,
1004980,PG&E Corp,4931,Electric & Other Services Combined,1547424000000.0,PCG,
100517,"United Airlines Holdings, Inc.",4512,"Air Transportation, Scheduled",1137974400000.0,UAL,
732717,AT&T INC.,4813,Telephone Communications (No Radiotelephone),1326412800000.0,T,
27904,"DELTA AIR LINES, INC.",4512,"Air Transportation, Scheduled",1126742400000.0,DAL,
1091667,"CHARTER COMMUNICATIONS, INC. /MO/",4841,Cable & Other Pay Television Services,1238112000000.0,CHTR,
20520,"Frontier Communications Parent, Inc.",4813,Telephone Communications (No Radiotelephone),1586908800000.0,FYBR,name-search(1.00)
1657853,"HERTZ GLOBAL HOLDINGS, INC",7510,Services-Auto Rental & Leasing (No Drivers),1590451200000.0,HTZ,
6201,American Airlines Group Inc.,4512,"Air Transportation, Scheduled",1322524800000.0,AAL,
1415404,EchoStar CORP,4899,"Communications Services, NEC",1785715200000.0,ECHO,
